_id,Id,Name,Date of birth,Address,Email,Number phone,Age
64f924487a0675afc8694428,1,John Smith,10/05/1985,"123 Main Street, New York",john.smith@example.com,(555) 123-4567,38
64f924487a0675afc8694429,2,Sarah Johnson,15/08/1990,"456 Elm Street, Los Angeles",sarah.johnson@example.com,(555) 987-6543,33
64f924487a0675afc869442a,3,Michael Brown,21/03/1982,"789 Oak Avenue, Chicago",michael.brown@example.com,(555) 321-7890,41
64f924487a0675afc869442b,4,Emily Davis,02/11/1995,"567 Pine Road, San Francisco",emily.davis@example.com,(555) 654-3210,28
64f924487a0675afc869442c,5,David Wilson,17/09/1988,"234 Cedar Lane, Houston",david.wilson@example.com,(555) 890-1234,35
64f924487a0675afc869442d,6,Jessica Lee,08/07/1992,"890 Maple Drive, Miami",jessica.lee@example.com,(555) 456-7890,31
64f924487a0675afc869442e,7,Christopher Taylor,30/01/1980,"345 Birch Street, Dallas",chris.taylor@example.com,(555) 789-0123,43
64f924487a0675afc869442f,8,Megan White,12/06/1987,"678 Willow Lane, Seattle",megan.white@example.com,(555) 234-5678,36
64f924487a0675afc8694430,9,Robert Garcia,25/04/1993,"1234 Redwood Avenue, Atlanta",robert.garcia@example.com,(555) 567-8901,30
64f924487a0675afc8694431,10,Ashley Martinez,05/12/1989,"9876 Sycamore Road, Denver",ashley.martinez@example.com,(555) 876-5432,34
64f924487a0675afc8694432,11,William Johnson,14/02/1984,"543 Oak Street, Boston",william.johnson@example.com,(555) 345-6789,39
64f924487a0675afc8694433,12,Olivia Anderson,09/10/1994,"456 Pine Avenue, Phoenix",olivia.anderson@example.com,(555) 234-5678,29
64f924487a0675afc8694434,13,James Thomas,23/07/1986,"789 Maple Lane, Philadelphia",james.thomas@example.com,(555) 789-1234,37
64f924487a0675afc8694435,14,Sophia Hernandez,18/03/1991,"234 Birch Road, San Diego",sophia.hernandez@example.com,(555) 456-7890,32
64f924487a0675afc8694436,15,Ethan Jackson,06/09/1983,"567 Cedar Lane, Washington",ethan.jackson@example.com,(555) 890-1234,40
